Timestamp,Image_Index,Tags_Time_ms,Music_Time_ms,Sequential_Total_ms,Parallel_Total_ms,Improvement_Percent
2026-04-22 18:31:28,1,767,3538,4305,3544,17.68
2026-04-22 18:31:36,2,801,3498,4299,3533,17.82
2026-04-22 18:31:44,3,1002,3519,4521,3336,26.21
2026-04-22 18:31:52,4,975,3482,4459,3447,22.70
2026-04-22 18:31:59,5,944,3335,4279,3511,17.95
2026-04-22 18:32:08,6,1910,3302,5212,3727,28.49
2026-04-22 18:32:18,7,2030,3619,5649,3812,32.52
2026-04-22 18:32:27,8,1523,3401,4925,3685,25.18
2026-04-22 18:32:35,9,1763,3338,5101,3533,30.74
